{"cameraMode":{"drawMode":0,"name":"Shaded","section":"Shading Mode"},"sceneLighting":true,"audioPlay":false,"sceneViewState":{"showFog":true,"showMaterialUpdate":true,"showSkybox":true,"showFlares":true,"showImageEffects":true,"showParticleSystems":true},"in2DMode":false,"pivot":{"x":0.1466597318649292,"y":0.10123363137245178,"z":2.930893898010254},"rotation":{"x":-0.10271472483873368,"y":-0.3532121777534485,"z":0.03904978185892105,"w":-0.9290691018104553},"size":10.104554176330567,"orthographic":false}